Date,,Berri1,Boyer,Boyer 2,Brébeuf,Christophe-Colomb,CSC (Côte Sainte-Catherine),Eco-Display Parc Stanley,Eco-Totem - Métro Laurier,Edmond Valade,Gouin / Lajeunesse,Maisonneuve_2,Maisonneuve_3,Notre-Dame,Parc,PierDup,Pont Jacques-Cartier,Rachel / Hôtel de Ville,Rachel / Papineau,René-Lévesque,Saint-Antoine,Saint-Laurent/Bellechasse,Saint-Urbain,Viger
01/01/2018,00:00,29,30,18,2,8,7,,52,0,0,40,15,0,15,0,8,40,62,7,3,58,13,
02/01/2018,00:00,94,71,32,0,6,23,,78,0,0,102,44,0,38,0,5,92,144,35,3,143,23,
03/01/2018,00:00,200,149,54,0,30,58,,112,0,0,221,73,0,76,4,9,160,273,62,37,314,21,
04/01/2018,00:00,230,156,95,2,30,67,,157,0,0,307,92,,95,2,13,212,369,61,23,373,20,
05/01/2018,00:00,125,89,33,3,2,32,,263,0,0,136,47,,41,1,3,101,209,18,12,160,53,
06/01/2018,00:00,64,31,16,20,4,57,,113,0,0,42,16,,14,0,2,30,65,6,0,59,8,
07/01/2018,00:00,57,55,36,12,7,13,,64,0,0,44,36,,15,0,1,39,81,8,3,97,9,
08/01/2018,00:00,191,207,77,1,20,85,,358,0,0,287,49,,90,0,0,144,292,80,18,379,8,
09/01/2018,00:00,434,275,156,0,44,168,,261,6,0,451,141,,43,3,0,243,542,109,48,525,152,
10/01/2018,00:00,477,276,153,0,42,216,,281,0,0,516,137,,155,0,1,365,549,117,42,628,138,
11/01/2018,00:00,389,245,133,42,14,188,,300,0,0,296,116,,170,8,1,299,443,83,54,556,170,
12/01/2018,00:00,291,192,125,28,30,118,,293,0,0,431,100,,206,11,116,238,358,103,40,459,158,
13/01/2018,00:00,8,52,16,0,1,21,,168,2,0,2,9,,19,1,8,64,69,5,4,76,21,
14/01/2018,00:00,60,78,46,0,,38,,337,0,0,126,22,,20,0,8,87,118,3,3,102,8,
15/01/2018,00:00,217,149,126,0,14,163,,328,0,0,353,64,,129,0,3,156,376,87,22,361,4,
16/01/2018,00:00,339,240,157,8,49,169,,290,1,0,413,87,,165,5,13,241,468,110,60,507,91,
17/01/2018,00:00,460,259,176,37,55,213,,215,0,0,488,105,105,181,3,32,290,534,127,54,596,102,
18/01/2018,00:00,449,279,199,13,58,204,,237,0,0,539,112,21,234,19,7,337,552,136,44,647,197,
19/01/2018,00:00,399,259,203,15,54,195,,320,0,0,528,116,0,244,9,72,281,485,113,48,650,158,
20/01/2018,00:00,163,134,132,7,19,75,,234,0,0,221,64,0,94,6,8,237,292,40,9,376,114,
21/01/2018,00:00,160,138,113,7,20,48,,208,0,0,212,66,0,86,14,4,219,311,33,15,314,101,
22/01/2018,00:00,428,290,216,9,63,317,,395,0,0,506,106,0,245,7,33,305,554,133,39,653,189,
23/01/2018,00:00,136,124,71,1,7,0,,137,0,0,240,52,0,31,2,4,53,227,53,22,214,34,
24/01/2018,00:00,267,262,184,14,46,69,,140,0,0,325,88,0,106,2,84,208,415,33,56,429,13,
25/01/2018,00:00,328,219,183,6,36,134,,201,0,0,380,85,0,113,6,33,225,459,7,65,471,15,
26/01/2018,00:00,316,239,179,28,51,115,,230,0,0,405,107,0,109,6,76,251,443,9,55,487,7,
27/01/2018,00:00,127,110,80,9,17,48,,145,0,0,176,35,0,40,5,10,137,268,8,14,248,4,
28/01/2018,00:00,168,139,135,14,18,73,,178,0,0,208,51,0,63,14,16,196,275,10,11,314,14,
29/01/2018,00:00,435,273,116,3,56,246,,351,0,0,462,97,0,214,12,15,293,552,106,55,621,18,
30/01/2018,00:00,489,302,127,2,56,243,,430,0,0,511,121,0,239,6,7,294,556,130,61,607,35,
31/01/2018,00:00,462,253,240,45,65,224,,589,0,101,473,136,0,229,9,22,269,562,128,58,573,42,
01/02/2018,00:00,421,258,205,6,19,138,,310,0,16,479,106,0,176,7,47,273,552,94,55,543,49,
02/02/2018,00:00,405,228,176,10,38,144,,400,0,13,466,106,0,161,8,5,220,433,91,47,507,48,
03/02/2018,00:00,124,96,83,3,3,51,,320,0,1,37,38,0,30,4,3,131,195,16,6,211,28,
04/02/2018,00:00,57,71,32,23,7,7,,136,0,1,99,34,0,27,4,0,76,172,7,6,107,13,
05/02/2018,00:00,273,214,157,16,22,125,,422,0,0,417,98,0,176,4,35,203,477,55,55,453,14,
06/02/2018,00:00,420,240,197,5,53,157,,409,0,0,445,104,0,201,6,101,241,520,108,39,560,6,
07/02/2018,00:00,300,200,127,17,16,111,,528,0,0,312,80,0,126,6,3,221,409,72,32,459,86,
08/02/2018,00:00,293,225,177,30,23,45,,220,0,67,375,87,0,175,2,4,217,512,43,39,530,22,
09/02/2018,00:00,362,240,177,9,46,159,,172,0,19,486,95,0,228,13,1,228,502,65,44,487,24,
10/02/2018,00:00,87,74,47,6,12,26,,124,0,4,176,43,0,40,9,2,127,248,12,11,202,19,
11/02/2018,00:00,77,73,59,3,3,6,,118,0,31,100,25,0,25,4,1,80,179,21,12,140,11,
12/02/2018,00:00,348,243,186,9,25,149,,378,0,22,417,130,0,184,5,3,257,541,82,49,481,4,
13/02/2018,00:00,442,270,201,3,42,189,,454,0,24,507,128,0,266,9,6,303,554,119,48,642,6,
14/02/2018,00:00,428,285,253,6,58,253,,480,0,30,562,125,0,277,9,1,365,593,116,56,712,84,
15/02/2018,00:00,446,292,252,25,61,280,,489,15,36,509,115,0,292,7,0,335,593,131,44,718,166,
16/02/2018,00:00,371,297,198,13,58,146,,313,0,35,471,116,0,220,7,2,299,517,113,51,646,156,
17/02/2018,00:00,120,108,38,10,10,55,,204,0,3,160,43,0,39,4,9,161,231,43,10,297,54,
18/02/2018,00:00,169,113,69,4,11,74,,216,0,3,206,49,0,68,21,1,210,291,41,11,270,78,
19/02/2018,00:00,487,312,246,5,78,244,,530,1,31,540,153,0,332,13,4,384,663,131,54,728,194,
20/02/2018,00:00,376,223,181,6,43,211,,403,0,22,436,118,0,250,5,6,287,481,114,36,537,156,
21/02/2018,00:00,488,318,256,7,77,324,,558,0,51,640,182,0,313,13,9,433,699,133,49,779,247,
22/02/2018,00:00,545,288,231,17,74,328,,480,4,49,587,166,0,354,8,41,370,662,148,49,834,233,
23/02/2018,00:00,374,209,172,15,55,229,,451,0,33,462,142,0,243,4,0,316,554,121,40,634,196,
24/02/2018,00:00,309,245,183,15,47,148,,352,0,57,394,119,0,175,36,5,338,478,67,20,549,148,
25/02/2018,00:00,114,84,52,1,11,32,,198,0,14,148,29,0,49,7,0,133,208,39,11,214,57,
26/02/2018,00:00,476,348,255,14,73,325,,562,0,61,782,196,0,420,24,4,468,715,160,63,890,266,
27/02/2018,00:00,749,472,357,40,126,433,,755,5,93,1028,316,0,579,39,42,640,1015,216,67,1208,337,
28/02/2018,00:00,590,401,336,26,92,425,,689,4,67,904,280,0,489,14,3,575,915,183,51,1024,327,
01/03/2018,00:00,743,486,413,33,150,455,,699,8,117,1033,301,0,613,15,32,563,969,234,63,1331,366,
02/03/2018,00:00,533,319,292,17,89,325,,603,2,62,767,217,0,428,6,4,449,736,166,58,959,298,
03/03/2018,00:00,346,217,191,13,41,150,,395,4,73,419,174,0,171,29,21,393,563,107,14,640,218,
04/03/2018,00:00,246,203,128,25,45,121,,306,0,27,307,96,0,115,41,7,288,456,83,18,487,135,
05/03/2018,00:00,610,360,268,24,73,280,,608,5,76,894,254,70,427,15,18,480,770,189,59,947,321,
06/03/2018,00:00,769,460,371,41,114,320,,720,3,100,1062,310,194,571,22,12,546,923,251,73,1155,395,
07/03/2018,00:00,619,369,274,30,76,268,,624,1,78,844,233,153,458,15,21,493,790,220,61,991,344,
08/03/2018,00:00,372,243,162,7,30,182,,343,4,31,585,163,77,259,2,16,315,518,123,42,661,193,
09/03/2018,00:00,442,266,195,1,22,167,,377,0,29,600,145,77,237,16,28,405,617,117,46,617,180,
10/03/2018,00:00,191,168,127,10,16,85,,253,2,21,276,114,37,102,16,0,280,388,39,9,422,137,
11/03/2018,00:00,176,101,109,5,17,61,,211,3,7,50,67,32,79,12,7,230,304,43,11,333,118,
12/03/2018,00:00,627,401,333,16,103,384,,632,6,112,919,242,158,500,23,8,548,877,225,72,1131,305,
13/03/2018,00:00,474,318,234,5,50,479,,503,7,38,614,186,99,321,7,10,371,607,139,46,741,212,
14/03/2018,00:00,368,210,146,2,30,83,,273,3,21,428,109,35,164,3,17,227,442,73,42,421,76,
15/03/2018,00:00,454,317,189,0,48,187,,410,1,30,532,154,73,252,13,33,333,699,135,61,642,107,
16/03/2018,00:00,503,297,238,4,69,223,,557,3,64,625,174,79,303,11,5,426,677,158,53,800,206,
17/03/2018,00:00,204,181,120,5,21,99,,480,4,2,51,84,24,107,10,19,222,337,49,11,392,131,
18/03/2018,00:00,177,113,104,22,15,78,,400,1,22,251,91,23,81,22,14,189,313,41,12,357,108,
19/03/2018,00:00,508,318,265,5,71,332,,647,3,67,669,188,117,394,10,10,397,704,171,48,887,221,
20/03/2018,00:00,654,350,317,6,105,355,,752,2,86,808,232,151,483,22,41,518,821,197,65,1093,309,
21/03/2018,00:00,715,389,332,4,111,469,,907,5,102,1010,311,186,563,17,34,581,978,221,55,1162,371,
22/03/2018,00:00,832,544,450,7,158,494,,901,3,106,1231,326,203,647,39,55,714,1185,295,62,1460,445,
23/03/2018,00:00,857,517,424,11,151,479,,961,5,129,1065,360,207,651,43,67,758,1100,278,97,1400,407,
24/03/2018,00:00,415,365,281,22,96,250,,609,3,88,619,214,81,313,48,74,588,814,109,32,941,261,
25/03/2018,00:00,492,381,330,33,107,232,,588,13,117,613,202,108,297,89,,646,866,120,17,964,248,
26/03/2018,00:00,1022,692,529,29,198,686,,1025,3,146,1398,501,283,900,72,151,890,1409,340,92,1763,497,
27/03/2018,00:00,1253,801,599,42,250,781,,1079,2,192,1623,570,345,974,72,237,882,1512,376,92,1725,590,
28/03/2018,00:00,1025,581,390,64,174,638,,1011,5,120,1271,446,243,796,44,128,800,1263,284,75,1556,457,
29/03/2018,00:00,1169,703,565,63,250,743,,1129,11,158,1437,534,253,901,51,160,973,1513,345,71,1660,311,
30/03/2018,00:00,605,549,425,82,120,309,,847,18,123,924,370,187,404,98,84,766,1007,186,41,1059,217,
31/03/2018,00:00,671,653,485,115,249,382,,806,16,180,905,370,259,404,242,78,969,1225,220,46,1168,352,
01/04/2018,00:00,322,375,260,102,136,229,,465,16,54,506,197,117,233,76,41,429,678,99,17,782,213,
02/04/2018,00:00,646,683,542,521,205,444,,771,34,123,987,392,257,527,183,483,874,1208,242,42,1405,385,
03/04/2018,00:00,1798,942,740,826,295,928,,1270,13,155,1776,687,457,1052,130,609,1198,1599,502,119,2282,657,
04/04/2018,00:00,645,318,284,239,67,292,,553,3,36,674,212,138,398,19,157,434,630,177,51,871,233,
05/04/2018,00:00,1022,482,349,444,143,515,,755,10,60,986,317,192,597,42,301,654,994,243,73,1255,343,
06/04/2018,00:00,1115,623,465,554,175,622,,1039,14,94,1237,416,253,759,75,370,809,1197,279,92,1503,468,
07/04/2018,00:00,580,534,338,385,102,287,,717,14,43,653,231,132,326,74,308,688,951,125,30,1136,306,
08/04/2018,00:00,594,515,,428,135,381,,657,14,69,685,248,149,331,93,391,620,872,147,43,1127,260,
09/04/2018,00:00,1648,917,,919,290,1003,,1176,19,124,1658,649,464,1255,132,735,1033,1596,502,130,2278,620,
10/04/2018,00:00,2041,1156,,1230,403,1096,,1375,18,145,2157,723,551,1561,219,815,1218,1898,603,160,2688,760,
11/04/2018,00:00,2652,1452,,1567,418,1243,,1797,28,205,2743,846,678,2220,267,1011,1466,2318,774,166,3301,931,
12/04/2018,00:00,2198,1223,,1379,368,1096,,1690,26,122,2398,723,637,1755,187,757,1346,1963,678,160,2431,751,
13/04/2018,00:00,2386,1457,,1538,452,1202,,1479,19,189,2613,887,692,1879,336,924,1643,2329,769,219,3083,817,
14/04/2018,00:00,779,624,,637,127,334,,1017,10,52,955,298,167,538,53,282,895,1071,161,37,1313,348,
15/04/2018,00:00,416,323,,323,44,185,,583,5,23,567,156,73,270,37,124,482,559,87,19,761,205,
16/04/2018,00:00,321,181,,179,33,106,,372,0,16,504,97,79,219,15,8,316,404,107,31,409,112,
17/04/2018,00:00,1230,641,,767,205,511,,1022,7,86,1323,417,305,988,71,268,804,1156,368,98,3515,477,
18/04/2018,00:00,1601,841,,1012,243,593,,1255,6,125,1880,478,421,1189,148,496,1099,1505,494,172,2503,578,
19/04/2018,00:00,2088,1013,,1214,328,802,,1470,13,158,2207,666,516,1493,214,601,1402,1758,584,204,2571,621,
20/04/2018,00:00,1989,1246,,1359,318,824,,1710,12,169,2339,706,466,1632,217,627,1735,1988,569,110,2865,685,
21/04/2018,00:00,2308,2179,,2251,604,843,,1893,30,276,2373,911,681,1340,1025,1467,2296,2946,704,108,3393,786,
22/04/2018,00:00,2888,2644,,2757,1049,1113,,2047,48,410,2559,1190,1026,1711,1661,1875,3141,3461,983,138,3768,835,
23/04/2018,00:00,4595,3188,,3661,1050,2032,,2842,79,544,4712,1704,1594,3518,1642,2125,3002,4407,1666,451,5647,1748,
24/04/2018,00:00,5501,3589,,4056,1326,2197,,3050,55,595,5362,1875,1888,3948,1924,2608,3452,5043,2018,616,6315,1882,
25/04/2018,00:00,1756,1012,300,1222,342,742,,1396,8,143,1883,632,512,1398,208,605,1243,1776,575,190,2287,649,
26/04/2018,00:00,1175,722,742,792,219,484,,1065,11,107,1424,424,338,1037,98,634,931,1345,354,127,1723,421,
27/04/2018,00:00,3919,2566,1326,2958,941,1518,,2597,44,395,4198,1332,1231,2908,1205,1882,2568,3695,1290,443,4948,1331,
28/04/2018,00:00,2027,1726,1048,1755,448,750,,1837,26,164,2155,742,496,1302,855,1176,2163,2514,537,132,2896,730,
29/04/2018,00:00,500,543,297,503,100,246,,727,4,59,637,192,146,422,48,236,634,828,130,43,1004,219,
30/04/2018,00:00,1837,1154,744,1354,295,715,,1528,9,164,2062,634,538,1563,322,707,1392,1942,591,226,2450,568,
01/05/2018,00:00,4977,3222,2083,3795,1172,1985,,2973,32,611,5054,8,1605,3720,1550,2375,3192,4533,1801,568,6020,1466,
02/05/2018,00:00,5046,3009,2006,3692,1044,1974,,3021,39,457,5109,0,1592,3786,1160,1938,3068,4777,1808,557,5968,1416,
03/05/2018,00:00,3032,1693,1105,2023,593,1229,,1925,17,267,2962,0,906,2277,454,1214,1707,2661,1045,305,3477,771,
04/05/2018,00:00,2711,1613,1036,1978,474,992,,1947,18,195,2957,0,774,2106,479,907,1833,2663,960,329,3363,789,
05/05/2018,00:00,3655,3313,2187,3428,1232,1219,,2736,46,437,3398,0,1204,2068,2319,2195,3695,4177,1186,245,4643,1094,
06/05/2018,00:00,3285,3441,2107,3380,1267,1339,,2869,62,504,3437,0,1391,1805,1690,2059,3835,4486,1224,251,4937,1056,
07/05/2018,00:00,5686,3858,2482,4382,1350,2567,,3336,61,704,5743,0,2029,4430,1583,2638,3499,5334,2221,634,6814,1739,
08/05/2018,00:00,7144,4654,3105,5457,1813,2954,,4164,51,865,7084,0,2556,5084,2529,3325,4470,6684,2780,855,8113,2214,
09/05/2018,00:00,7261,5141,3332,5935,1961,3152,,4367,52,897,7174,,2750,5305,2618,3615,4680,7235,3015,830,8406,2155,
10/05/2018,00:00,4497,2704,1717,3179,805,1771,,2947,29,381,4704,343,1461,3532,742,1492,3304,4151,1651,573,5648,1266,
11/05/2018,00:00,4802,3295,2109,3764,1043,1934,,3384,37,430,5162,1684,1684,3565,1231,2003,3348,4686,1853,567,6297,1371,
12/05/2018,00:00,3708,4001,2181,3705,1309,1400,,3462,64,436,3664,1437,1287,2070,1916,2290,3835,5009,1268,244,5355,1174,
13/05/2018,00:00,3621,4099,2414,4007,1523,1560,,3203,75,547,3552,1473,1439,2154,2373,2692,4292,5106,1394,279,5077,1033,
14/05/2018,00:00,6692,4863,3177,5487,1756,2801,,4305,63,813,6873,2535,2675,4950,2338,3241,4186,6449,2870,832,7943,1809,
15/05/2018,00:00,4835,3293,2224,3782,1152,2086,,3047,34,536,4629,1646,1826,3530,1439,2439,3115,4849,1945,599,5985,1229,
16/05/2018,00:00,7102,4826,3048,5510,1710,2885,,4352,58,763,7007,2393,2572,4937,2305,3331,4523,6827,2871,859,8083,1881,
17/05/2018,00:00,6657,4280,2679,4922,1419,2608,,3908,41,655,6422,2191,2292,4537,2036,2772,4060,6203,2509,719,7969,1847,
18/05/2018,00:00,5873,4068,2633,4611,1365,2214,,3833,59,545,5996,2004,1976,4067,1617,2410,4125,5792,2312,637,7336,1852,
19/05/2018,00:00,1984,1890,1185,1873,571,708,,1774,26,239,2049,755,650,962,940,1355,2043,2640,691,132,2924,800,
20/05/2018,00:00,2876,2628,1679,2478,887,966,,2164,54,317,2953,1121,1068,1429,1708,2081,3095,3525,973,201,3743,839,
21/05/2018,00:00,4754,4744,2958,4676,2158,1496,,3140,80,756,3747,1938,2164,1818,4045,3912,4145,5623,2119,324,5166,1164,
22/05/2018,00:00,4914,3030,2112,3750,1023,2045,,3197,31,514,5007,1625,1830,3196,1124,1966,2952,4644,1998,591,5917,1530,
23/05/2018,00:00,6522,4366,2928,5200,1586,2709,,4031,58,898,6416,2208,2514,3991,1873,2983,4327,6402,2670,828,8086,1961,
24/05/2018,00:00,7283,4818,3068,5751,1762,2899,,4292,81,701,7016,2372,2625,4081,2048,3091,4797,6927,2878,820,8442,2095,
25/05/2018,00:00,6572,4495,2755,5216,1556,2345,,3861,75,540,6322,2093,2325,3406,1708,2611,4252,6465,2614,731,7597,1977,
26/05/2018,00:00,2947,2787,1544,2724,748,965,,2542,59,258,3276,995,912,1255,898,1297,3052,3609,992,228,4183,1038,
27/05/2018,00:00,2807,2573,1484,2568,763,1067,,2134,28,299,3247,1044,917,1378,1410,1749,2915,3481,1095,210,3670,1070,
28/05/2018,00:00,4997,3335,2161,3900,1193,2282,,3462,42,423,5464,1867,1870,3347,1356,2083,3410,5088,2017,685,6561,1668,
29/05/2018,00:00,7647,5383,3705,6130,2108,3442,1738,4710,91,790,7981,2784,3154,4632,2758,3641,5114,7576,3479,946,9406,2320,
30/05/2018,00:00,7768,5577,3600,6284,2069,3224,2094,4848,86,752,8030,2836,3100,4574,2185,3709,5237,7826,3465,967,8973,2305,
31/05/2018,00:00,7048,5002,3304,5637,1730,3017,1547,4319,70,629,7354,2458,2836,4221,1639,3139,4522,7110,3091,874,8835,2170,
01/06/2018,00:00,5674,4740,2825,4892,1279,2938,967,6675,59,403,6363,1930,1976,3941,1076,1975,7544,7473,2198,685,8496,2034,
02/06/2018,00:00,5204,5385,3176,4890,1835,1989,2249,4100,63,668,4974,1800,1997,2161,1997,2886,5223,6897,2045,382,6803,1729,
03/06/2018,00:00,4314,6059,3504,5049,2010,2883,2666,4393,92,641,4949,1874,1943,3995,2037,4114,10606,8376,1618,327,8541,2202,
04/06/2018,00:00,1256,848,524,977,218,575,140,1301,5,96,1566,469,427,920,117,554,1124,1589,525,189,1807,537,
05/06/2018,00:00,4360,2792,1691,3266,795,1977,633,3051,40,291,67,1555,1337,2882,556,1691,3274,4385,1624,601,5761,1587,
06/06/2018,00:00,6154,4067,2748,4834,1500,2682,1250,4019,78,629,59,2193,2310,3894,1060,3217,4308,6017,2648,760,7879,2251,
07/06/2018,00:00,6667,4395,2777,4880,1456,2784,1029,4151,87,538,5502,2318,2381,4102,1104,2993,4578,6484,1921,841,8492,2269,
08/06/2018,00:00,7393,5055,3277,5583,1775,2699,1808,4437,78,643,5817,2348,2821,4074,1314,3624,5243,7232,1481,852,9280,2459,
09/06/2018,00:00,5636,4751,2970,4729,1695,1699,2171,3567,34,560,3931,1852,1925,2331,1311,3251,5115,6334,926,406,7203,1889,
10/06/2018,00:00,5022,4589,2930,4359,1952,1689,2804,3307,70,588,3370,1674,1859,2102,1646,3812,4875,5629,934,325,6507,1596,
11/06/2018,00:00,7392,5056,3214,5445,1934,2888,1839,4365,83,693,7328,2556,2856,4437,1356,3338,4760,6565,1457,940,8666,2454,
12/06/2018,00:00,8812,5331,3335,6367,2023,3250,1768,4721,101,805,7888,2795,3045,4728,1738,3656,5097,7363,1641,824,9811,2934,
13/06/2018,00:00,5003,3036,1955,3576,979,1976,718,3336,49,378,5190,1717,1672,2992,907,1909,3193,4527,909,596,6958,1581,
14/06/2018,00:00,2907,1675,1152,2127,449,1104,256,2273,35,160,3273,931,904,1867,743,973,2236,2996,382,393,3769,1064,
15/06/2018,00:00,7109,4743,3038,5366,1731,2422,1571,4399,77,628,6761,2324,2472,3937,1533,3102,5181,6575,1196,700,8539,2530,
16/06/2018,00:00,5608,4720,2799,4755,1708,1487,1969,3572,47,585,4415,1859,1885,2069,2625,2925,4595,5770,834,348,6860,1850,
17/06/2018,00:00,4322,4125,2534,3909,1603,1423,2071,3279,74,494,3828,1627,1559,1874,2532,2744,4343,4941,725,262,5579,1560,
18/06/2018,00:00,3368,2083,1260,2553,540,1358,382,2580,25,251,3767,1261,1014,2348,593,1142,2412,3458,551,457,5936,1663,
19/06/2018,00:00,7604,5276,3625,5992,2089,3079,2159,4741,91,655,7889,2671,2923,4391,3244,3993,5082,7171,1487,922,11782,3521,
20/06/2018,00:00,6928,4461,3007,5146,1731,2766,1417,4373,87,691,7066,2437,2677,4003,2337,3269,4307,6332,1316,827,10185,3328,
21/06/2018,00:00,6981,5047,3341,5766,1698,2794,1543,4668,86,710,7392,2493,2897,4217,2566,3472,4709,6912,1441,920,9093,2888,
22/06/2018,00:00,6402,4679,3160,5239,1730,2311,1627,4480,71,656,6569,2202,2650,3523,2592,3249,4383,6444,1302,682,8127,2614,
23/06/2018,00:00,2586,2373,1528,2234,759,901,828,2200,94,291,2891,920,835,1137,1294,1502,2340,2713,432,195,3585,1255,
24/06/2018,00:00,2074,1830,1305,1865,1018,763,1576,1659,32,261,2090,938,895,991,1637,1646,2301,2427,459,162,2988,847,
25/06/2018,00:00,4284,4137,2574,4011,1954,1502,2728,3230,61,541,3827,1717,1772,1735,3525,2968,3890,5043,921,318,5428,1683,
26/06/2018,00:00,6966,4972,3258,5590,1779,2755,1810,4509,86,711,7106,2492,2760,3973,2852,3364,4576,6719,1476,882,8333,2876,
27/06/2018,00:00,6468,4524,2989,5186,1594,2515,1416,4181,69,657,6609,2287,2599,3774,2426,3127,4180,6166,1431,803,7892,2651,
28/06/2018,00:00,5713,3508,2185,4143,925,2017,750,3652,58,494,6064,1853,1830,3117,1123,1943,3465,4964,1038,678,6696,2313,
29/06/2018,00:00,6285,4496,2746,5197,1340,2038,1343,4152,50,588,6315,2079,2379,3186,2273,2769,3974,6056,1280,749,7799,2494,
30/06/2018,00:00,3128,2822,1628,2965,743,1009,1045,2771,50,332,3355,1128,1197,1379,1395,1689,2941,3839,551,211,4702,1412,
01/07/2018,00:00,2820,2381,1452,2595,766,871,1080,2280,19,296,2726,896,1107,1115,1656,1958,3072,3174,544,198,3472,1163,
02/07/2018,00:00,2546,2253,1429,2505,747,888,953,2517,38,311,2897,901,941,1192,1296,1596,2391,3422,459,171,3562,1071,
03/07/2018,00:00,5925,3984,2464,5060,1187,2087,1026,4053,41,564,6207,1866,2176,3223,2072,2644,3936,5841,1236,756,6987,2465,
04/07/2018,00:00,5990,4075,2607,4949,1226,2188,1029,4339,48,592,6546,1953,2242,3399,2135,2831,3725,5972,1268,745,7113,2470,
05/07/2018,00:00,5625,3879,2486,4661,1079,2003,838,4125,57,551,6103,1740,2043,3294,1686,2385,3416,5668,1132,719,6966,2246,
06/07/2018,00:00,6244,4314,2696,5023,1414,1969,1099,4059,53,589,6729,1915,2256,3410,1690,2459,3994,6124,1178,701,7676,2545,
07/07/2018,00:00,5297,4169,2552,4256,1394,1340,2133,3444,66,495,4670,1459,1822,1989,3315,2860,3965,496,920,387,5947,2197,
08/07/2018,00:00,4365,3926,2613,3775,1515,1255,2223,3345,58,480,3656,1372,1589,1692,3062,2856,3782,1457,733,294,5336,1507,
09/07/2018,00:00,5702,4405,2862,5038,1532,2408,1438,4211,66,627,6510,2273,2476,3465,2248,3002,3787,5456,1356,846,7984,2402,
10/07/2018,00:00,6443,5008,3328,5409,1664,2451,1335,4315,65,661,7198,2338,2552,3872,2355,3021,4287,6390,1426,880,9150,2833,
11/07/2018,00:00,7021,5227,3363,6000,1818,2725,1657,4610,116,729,7324,2432,2761,3952,3233,3924,4516,7240,1609,916,9008,3055,
12/07/2018,00:00,6743,4951,3270,5623,1839,2640,1531,4667,90,716,7364,2329,2704,3784,2767,3284,4211,6707,1549,838,9135,2999,
13/07/2018,00:00,6104,4494,2848,5164,1490,2161,1392,4303,68,619,5989,1973,2249,3370,2443,2814,4139,6096,1312,731,8097,2719,
14/07/2018,00:00,4265,3505,1913,3597,989,1111,1152,3147,45,403,3854,1097,1497,1531,2034,1962,3380,4645,885,315,5334,1782,
15/07/2018,00:00,4210,3882,2268,3839,1318,1279,1867,3307,62,454,3890,1282,1738,1551,2598,3110,3804,5159,828,272,5115,1886,
16/07/2018,00:00,5370,3967,2651,4752,1498,2347,1301,3915,68,606,6640,2092,2323,3381,2263,2685,3588,5953,1328,798,6907,2406,
17/07/2018,00:00,4758,3379,1957,4091,875,1914,907,3795,71,485,5830,1794,1715,3057,1409,1924,3435,5110,1011,670,6904,2220,
18/07/2018,00:00,6967,5142,3338,5946,1922,2636,1914,4524,103,758,7626,2407,3084,4041,3377,3600,4745,7200,1729,947,8991,3314,
19/07/2018,00:00,6335,4862,3075,5362,1622,2437,1605,4584,91,705,7433,2416,2814,3813,2591,3428,4331,6632,1575,870,9075,3292,
20/07/2018,00:00,5706,4322,2784,4936,1467,2060,1470,4439,71,621,6295,1982,2403,3266,2347,2950,4011,6062,1343,709,7798,2459,
21/07/2018,00:00,4351,3811,2342,4074,1389,1202,1950,3328,44,496,4180,1371,1599,1677,3151,2843,3474,5031,854,357,5470,1838,
22/07/2018,00:00,1949,1817,1125,1913,507,746,804,1930,40,243,2210,775,720,972,912,1404,1981,2377,360,148,3211,996,
23/07/2018,00:00,4592,3266,2112,3843,1034,2019,1140,3252,58,482,5772,1849,1970,3012,1678,2315,3284,4835,1102,680,6512,2099,
24/07/2018,00:00,4333,3007,1851,3706,866,1833,798,3280,41,363,5323,1686,1622,2914,1080,1699,2821,4394,939,637,6249,1990,
25/07/2018,00:00,2242,1390,884,1774,346,899,186,2073,26,163,2831,791,920,1571,456,1014,1452,2347,544,315,3106,1173,
26/07/2018,00:00,4641,3439,2115,3899,1011,1817,1225,3487,43,540,5517,1642,1786,2934,1681,2291,3185,4852,1019,597,6794,2032,
27/07/2018,00:00,4964,3758,2290,4292,1098,1874,1236,4066,43,528,6127,1833,2133,2845,1681,2480,3763,5532,1135,622,7168,2249,
28/07/2018,00:00,4193,3741,2222,3825,1250,1248,1731,3038,56,449,4126,1354,1590,1601,2767,2786,3270,4403,905,397,5182,1736,
29/07/2018,00:00,4205,3496,2261,3674,1437,1331,2223,2975,55,520,4471,1466,1600,1862,3004,3223,3937,4567,863,308,5412,1680,
30/07/2018,00:00,5391,4220,2799,4988,1566,2349,1750,4053,96,657,6458,2159,2582,3543,2440,3175,3908,5580,1433,797,7691,2399,
31/07/2018,00:00,6119,4690,3101,5377,1628,2583,1702,4282,94,698,7094,2190,2701,3645,2619,3214,3890,6093,1494,756,8119,2843,
01/08/2018,00:00,4917,3499,2319,4172,988,1991,952,3689,51,459,6147,1819,1967,3058,1577,2096,3246,5034,1101,691,6853,2289,
02/08/2018,00:00,5530,3897,2542,4491,1222,2189,1254,4210,82,529,6805,2038,2066,3370,2015,2541,3696,5558,1290,802,7819,2514,
03/08/2018,00:00,5219,3941,2494,4409,1146,1921,1303,3805,37,554,5964,1783,1962,2898,2119,3077,3705,5394,1079,728,7261,2509,296
04/08/2018,00:00,3126,2811,1569,2821,732,957,1058,2502,21,354,3235,1020,1139,1200,1845,2906,2591,3613,586,305,4195,1398,397
05/08/2018,00:00,3681,3262,2045,3415,1174,1147,1733,2873,60,599,3452,1159,1367,1528,2620,3005,3267,4129,659,304,4864,1641,427
06/08/2018,00:00,4515,3326,2138,3953,1074,1781,967,3476,44,455,5435,1587,1756,2718,1738,2277,2715,4837,1039,702,6045,2241,895
07/08/2018,00:00,3770,2691,1770,3147,843,1502,838,3104,51,390,4775,1353,1367,2383,1028,1656,2688,4262,730,503,5452,1973,635
08/08/2018,00:00,4462,2917,2049,3554,1006,1853,1090,3331,32,424,5593,1690,1752,2750,1529,2129,2871,4672,1067,678,6528,2346,881
09/08/2018,00:00,5603,3825,2455,4341,1100,2119,1178,3959,56,499,6275,1805,1850,3063,1565,2406,3546,5330,1151,730,7665,2540,965
10/08/2018,00:00,5327,4421,2795,4712,1429,2002,1606,4069,82,579,6307,1968,2122,2998,2262,3101,3630,5958,1281,721,8050,2533,912
11/08/2018,00:00,4170,3948,2492,3620,1357,1259,1801,3271,44,523,3870,1377,1495,1580,2700,2830,3227,4754,848,354,5771,1715,429
12/08/2018,00:00,3776,3573,2128,3454,1274,1194,1996,3033,57,514,3557,1305,1391,1531,2446,2619,3432,4333,775,302,5294,1683,452
13/08/2018,00:00,5057,4001,2788,3922,1403,2297,1293,3765,69,566,6226,2025,2074,3234,1921,2701,3478,5671,1219,786,7151,2590,962
14/08/2018,00:00,5266,4053,2568,4516,1251,2406,1082,4009,46,518,6715,1991,2061,3336,1725,2559,3446,5617,1157,776,7049,2654,968
15/08/2018,00:00,4998,3841,2503,4510,1156,2164,1065,3869,37,500,6432,1884,1848,3155,1435,2310,3185,5498,1119,728,7127,2524,988
16/08/2018,00:00,5876,4645,3108,5361,1566,2492,1741,4390,83,696,7156,2235,2337,3488,2536,3079,3942,6378,1384,806,8515,2907,1095
17/08/2018,00:00,2777,1989,1300,2245,462,1058,347,2527,21,195,3640,1049,955,1734,504,1114,2007,3113,577,361,4363,1563,541
18/08/2018,00:00,4294,3650,2230,3642,1284,1165,1769,3068,66,468,3835,1354,1567,1557,2475,2433,3325,4756,844,417,5053,1717,524
19/08/2018,00:00,4428,3873,2495,4056,1527,1282,1880,3006,55,579,4296,1427,1666,1684,2733,2784,3668,4879,996,371,5088,1723,422
20/08/2018,00:00,5534,4268,2896,5083,1486,2372,1330,3989,97,604,6665,2205,2206,3504,2409,3031,3738,5940,1228,811,7882,2577,1033
21/08/2018,00:00,5926,4339,3005,4882,1562,2563,1251,3998,65,667,6763,2159,2204,3507,2150,3048,3572,5882,1285,873,8041,2696,1139
22/08/2018,00:00,3658,2635,1753,3090,769,1622,469,3178,62,308,4671,1382,1211,2417,853,1579,2528,4091,724,574,5400,1912,661
23/08/2018,00:00,6229,4715,3224,5292,1695,2721,1483,4461,89,680,7053,2370,2318,3625,2581,3553,4033,6521,1363,866,8584,2822,1128
24/08/2018,00:00,5557,4441,2976,4828,1560,2327,1321,4482,89,582,6665,2047,1904,3280,2227,3057,3951,6333,1106,743,8122,2451,878
25/08/2018,00:00,4306,4173,2603,3800,1418,1358,1801,3328,49,513,4058,1403,1337,1696,2515,2667,3489,5001,725,456,5509,1845,508
26/08/2018,00:00,2178,2140,1202,1839,615,836,789,2062,38,244,2528,676,642,974,800,1295,2210,3144,363,233,3201,1152,298
27/08/2018,00:00,5265,4167,2947,4795,1683,2787,1409,4037,68,584,6526,2102,2018,3524,2016,3060,3791,5789,1163,778,7963,2445,997
28/08/2018,00:00,5035,3791,2424,4285,1153,2735,824,1494,55,428,6152,1919,1714,3269,1435,2304,3297,5483,1051,612,7452,2398,852
29/08/2018,00:00,4478,3302,2282,3993,1126,2401,929,3923,51,385,6008,1851,1606,3079,1075,2122,3090,5585,974,614,7075,2216,884
30/08/2018,00:00,5777,4619,3060,5167,1564,3123,1329,4670,78,619,6982,2270,2062,3755,1972,3123,4290,6393,1222,785,9095,2843,1019
31/08/2018,00:00,5564,4557,3009,4724,1608,2636,1387,4502,65,588,6647,2206,2005,3473,1935,2921,4058,6174,1184,703,8560,2870,986
01/09/2018,00:00,3480,3170,1829,3082,955,1151,1423,2860,63,371,3603,1143,1096,1538,2189,2269,3162,4293,611,228,5091,1572,452
02/09/2018,00:00,1679,1548,900,1428,458,671,678,1579,27,176,2000,612,498,821,793,1019,1808,2217,260,126,2936,899,216
03/09/2018,00:00,2020,1775,1138,1724,519,822,852,1943,42,222,2302,887,554,1007,1280,1319,1988,2556,326,176,3154,910,271
04/09/2018,00:00,6770,4747,3254,5462,1724,4048,288,4582,70,696,8399,2664,2261,4490,2246,3313,4405,6743,1268,859,9527,2923,1057
05/09/2018,00:00,6076,4412,2869,5118,1467,3761,394,4561,65,601,7929,2360,2001,4248,1625,2846,3889,6211,1156,723,8706,2762,932
06/09/2018,00:00,6597,4574,3096,5292,1593,3749,1181,4799,71,571,8190,2424,2054,4321,1651,3054,4267,6685,1239,844,9268,2947,1018
07/09/2018,00:00,6530,4628,3127,5244,1713,3280,1427,4773,57,626,7829,2423,2024,3975,2127,3114,4363,6743,1142,781,8962,2359,1052
08/09/2018,00:00,4026,3699,2238,3399,1296,1516,1406,3516,64,477,4003,1431,1200,1607,2126,2585,3587,4753,660,293,5856,2016,463
09/09/2018,00:00,3227,3446,2047,2957,1244,1545,1508,2998,34,407,3343,1195,978,1857,1763,2367,4008,4416,562,251,5166,1811,325
10/09/2018,00:00,4340,2854,1923,3476,1022,2668,597,3344,54,376,5677,1638,1339,3263,905,1849,3008,4495,813,577,5722,2195,703
11/09/2018,00:00,3718,2463,1596,2919,698,2286,453,3018,36,278,4903,1291,1070,2747,720,1486,2641,4020,576,462,5081,1688,522
12/09/2018,00:00,6240,4423,3083,5120,1576,3730,1316,4505,93,645,8122,2383,2156,4167,1747,3044,4221,6392,1243,802,8146,2675,939
13/09/2018,00:00,6604,4831,3271,5567,1732,3924,1479,4753,92,666,8267,2510,2230,4508,2097,3062,4557,6849,1345,869,9207,2834,1175
14/09/2018,00:00,5790,4625,3023,5176,1503,3229,1211,4648,88,643,7675,2323,2046,4065,1847,2864,4350,6599,1211,735,8535,2864,965
15/09/2018,00:00,4318,3922,2399,3665,1130,1559,1392,3359,55,488,4346,1472,1179,1749,1987,1977,3777,4941,689,295,6135,1876,476
16/09/2018,00:00,3611,3593,2376,3402,1376,1347,1947,3059,69,494,3865,1397,1221,1710,2307,2539,3817,4644,652,290,5607,1645,415
17/09/2018,00:00,5913,4345,3016,5255,1601,3602,1285,4378,72,627,7817,2407,2155,4271,1825,2943,4101,6105,1217,850,8668,2622,1060
18/09/2018,00:00,5821,3831,2813,4704,1448,3548,950,4162,60,519,3206,2214,1973,4184,1339,2697,3893,5885,1134,768,8126,2488,941
19/09/2018,00:00,5679,3791,2719,4491,1444,3267,931,4203,70,570,0,2109,1757,4191,1340,2561,3873,5743,1043,747,7594,2797,894
20/09/2018,00:00,5229,3682,2611,4161,1293,3206,696,4096,66,494,0,2023,1756,3850,1121,2426,3806,5494,1037,746,7416,2700,911
21/09/2018,00:00,2081,1400,989,1733,380,1109,175,2196,30,132,0,700,607,1575,281,796,1783,2483,320,306,2993,1114,381
22/09/2018,00:00,3114,2855,1788,2794,883,1143,872,2933,37,329,0,1141,882,1479,1294,1991,3013,3991,517,218,4731,1636,387
23/09/2018,00:00,1801,2528,1422,2217,754,1020,1006,2597,49,296,0,872,666,1335,1096,1559,2451,3150,391,227,4113,1384,221
24/09/2018,00:00,4640,3236,2249,645,1107,2841,624,3575,49,436,0,1772,1443,3580,1051,2254,3230,5017,875,639,6672,2306,768
25/09/2018,00:00,2352,1507,1033,879,511,1548,133,2162,21,178,0,880,672,2053,312,979,1700,2710,442,375,3175,1422,421
26/09/2018,00:00,2846,1842,1253,2265,594,1842,202,2790,29,200,0,1123,827,2445,370,1050,2248,3104,512,388,4417,1892,503
27/09/2018,00:00,5378,3694,2534,3559,1274,3155,834,4055,57,507,3391,2034,1646,3999,1406,2548,3854,5463,1049,637,7355,3141,876
28/09/2018,00:00,4952,3708,2399,4121,1224,2728,931,4207,78,483,6457,1938,1474,3583,1525,2353,3497,5328,926,633,7302,3001,794
29/09/2018,00:00,2808,2592,1718,2570,725,1086,632,2684,26,250,2944,912,684,1467,1011,1551,2297,3508,365,195,4548,1690,268
30/09/2018,00:00,2126,2009,1279,1934,475,814,385,2220,36,175,2612,755,452,1216,782,1280,1768,2762,300,186,3525,946,219
01/10/2018,00:00,3908,2932,2149,3093,866,1931,520,3437,45,388,4771,1524,1337,2968,924,1988,2480,4226,839,564,5705,2345,688
02/10/2018,00:00,1701,1134,824,1249,328,1007,86,1711,9,103,2236,645,431,1476,189,634,1089,1970,236,218,2589,993,237
03/10/2018,00:00,4043,2735,1901,2917,903,2258,420,3194,47,396,5344,1639,1207,3213,878,2103,2081,4092,740,465,5435,2380,698
04/10/2018,00:00,3279,2304,1605,2528,735,2000,407,3073,34,252,4544,1254,996,2750,583,1506,2427,3814,621,500,4926,1983,554
05/10/2018,00:00,3579,2669,1798,2932,826,1966,417,3078,38,338,4714,1406,1141,2879,850,1857,2574,4013,652,479,5538,2287,643
06/10/2018,00:00,1423,1341,928,1520,324,598,200,1730,25,153,1449,544,393,805,409,809,1656,2098,229,110,2795,1023,157
07/10/2018,00:00,1505,1401,870,1391,387,555,350,1415,27,145,1768,494,376,731,545,890,1502,1854,219,126,2488,921,150
08/10/2018,00:00,912,1075,647,1002,250,436,303,1182,31,144,1204,347,282,604,418,695,1270,1492,153,52,1768,714,99
09/10/2018,00:00,4385,2939,2044,3469,969,2407,786,3461,58,438,5671,1731,1380,3213,1255,2056,3231,4690,820,465,6174,2476,637
10/10/2018,00:00,2819,1773,1212,2051,505,1536,148,2449,26,198,3797,1024,756,2325,342,1068,2113,3027,465,400,4304,1667,476
11/10/2018,00:00,1887,1301,935,1515,366,1075,99,1890,15,109,2746,716,512,1790,194,704,1626,2250,282,270,3110,1302,290
12/10/2018,00:00,3318,2418,1678,2809,821,1873,405,2849,24,303,4672,1397,1077,2583,728,1624,2630,3908,686,444,5336,2097,585
13/10/2018,00:00,1537,1570,1010,1419,359,825,248,1875,18,134,2076,613,327,1044,486,954,1902,2344,202,121,2960,1228,178
14/10/2018,00:00,1670,1889,1111,1743,518,887,555,1835,35,270,2085,691,520,1095,969,1324,2421,2596,278,141,3292,1264,208
15/10/2018,00:00,2273,1471,1059,1809,505,1519,131,2067,31,190,2923,912,783,1916,364,1057,1608,2574,539,311,3569,1557,406
16/10/2018,00:00,3364,2189,1550,2615,706,2120,176,2691,28,276,4378,1293,951,2683,521,1440,2442,3582,583,466,4996,1944,522
17/10/2018,00:00,2868,2010,1442,2251,613,1782,202,2695,36,255,3981,1195,882,2368,392,1277,2103,3203,527,400,4620,1647,452
18/10/2018,00:00,2894,2042,1461,2249,590,1733,195,2611,14,210,3767,1142,804,2298,398,1189,2085,3019,545,409,4627,1720,427
19/10/2018,00:00,3456,2481,1589,2737,813,1862,416,2816,41,327,4349,1342,976,2459,812,1551,2609,3736,611,465,5476,2074,591
20/10/2018,00:00,1530,1508,853,1288,261,644,160,1717,35,99,2030,551,315,862,335,742,1723,2133,386,138,2988,1038,226
21/10/2018,00:00,1136,1159,690,1006,232,494,131,1360,14,88,1421,382,262,728,215,559,1249,1557,318,103,2137,851,180
22/10/2018,00:00,2668,1855,1284,2205,605,1455,227,1337,25,278,3717,1133,895,2399,481,1364,1955,3110,1128,379,7752,1967,501
23/10/2018,00:00,2756,1973,1395,2235,613,1511,257,2844,18,280,4065,1194,865,2424,514,1460,2163,3242,1176,393,7054,2008,515
24/10/2018,00:00,2008,1382,1022,1662,474,1121,178,2290,24,189,3040,851,636,1897,256,968,1740,2586,826,315,6247,1439,353
25/10/2018,00:00,2574,1838,1311,2164,578,1386,210,2765,27,253,3651,1144,857,2380,496,1305,2151,3138,717,376,6386,1910,562
26/10/2018,00:00,2504,1825,1245,2029,545,1328,202,2809,18,251,3513,1049,762,2104,409,1280,2099,3000,469,315,4133,1612,463
27/10/2018,00:00,868,927,547,810,173,447,66,1329,7,72,1114,329,171,595,134,398,1158,1428,118,88,2008,769,110
28/10/2018,00:00,398,409,291,408,87,193,14,760,5,27,701,162,96,301,33,164,561,650,41,37,878,347,55
29/10/2018,00:00,1680,1118,791,1402,337,1163,88,2102,5,137,2298,684,558,1540,225,730,1308,2017,309,238,2705,1007,292
30/10/2018,00:00,2783,1740,1204,2112,550,1722,190,2619,5,250,3544,1090,804,2262,438,1160,1964,3017,510,379,4033,1499,499
31/10/2018,00:00,1511,940,688,1219,274,976,62,1877,7,118,2030,610,447,1299,182,653,1180,1818,302,195,2411,941,281
01/11/2018,00:00,2162,1517,991,1728,397,1345,165,2523,14,208,3070,938,580,1712,327,961,1702,2620,384,305,3462,1301,423
02/11/2018,00:00,1342,925,641,1079,218,740,47,1894,2,87,1895,528,328,1001,129,405,1179,1735,213,193,2330,828,237
03/11/2018,00:00,506,485,285,467,63,229,15,826,1,29,639,192,124,282,32,152,599,805,65,33,884,398,67
04/11/2018,00:00,1387,1295,769,1105,246,522,267,1525,26,142,1355,533,365,710,445,779,1505,1596,204,108,2177,799,140
05/11/2018,00:00,1588,1040,761,1354,292,1067,73,1983,13,161,2209,654,544,1490,223,711,1201,1983,335,252,2620,979,328
06/11/2018,00:00,1531,998,692,1284,336,1025,97,2015,13,137,2172,587,486,1338,179,552,1286,2017,306,236,2341,945,280
07/11/2018,00:00,2361,1532,1147,1865,440,1459,153,2576,23,215,3254,970,628,1978,338,922,1758,2571,404,294,3664,1397,425
08/11/2018,00:00,2331,1590,1049,1879,438,1478,177,2572,25,217,3238,942,643,1969,358,1018,1895,2705,467,322,3693,1538,413
09/11/2018,00:00,1539,1058,750,1273,288,984,83,1897,10,140,2066,633,403,1359,163,581,1383,1896,299,181,2525,986,312
10/11/2018,00:00,802,546,335,636,101,311,24,1019,6,37,909,234,124,460,76,214,896,1029,89,60,1366,618,93
11/11/2018,00:00,645,592,414,640,108,369,76,1055,9,44,878,291,139,476,85,273,729,978,69,57,1407,442,77
12/11/2018,00:00,1580,1089,693,1401,309,1146,114,1981,6,152,2307,706,472,1527,221,672,1304,2064,293,241,2680,1022,309
13/11/2018,00:00,0,669,413,839,99,709,14,1448,1,51,1531,443,265,1069,90,375,935,1421,171,191,1630,672,183
14/11/2018,00:00,0,633,434,836,114,708,31,1403,7,58,1507,445,258,972,101,347,826,1268,193,162,1698,681,222
15/11/2018,00:00,0,777,539,1023,127,732,33,1506,6,84,1561,478,291,934,110,439,874,1467,192,168,1934,710,240
16/11/2018,00:00,266,286,200,66,40,113,2,534,4,37,489,129,85,152,11,11,336,611,38,34,600,135,44
17/11/2018,00:00,207,173,148,0,27,64,0,371,0,12,319,84,45,110,14,4,295,412,25,22,430,75,40
18/11/2018,00:00,179,211,171,3,27,81,3,404,0,29,301,82,35,145,22,14,253,419,28,33,453,33,39
19/11/2018,00:00,565,381,343,9,104,324,1,723,0,79,812,238,158,426,16,10,460,893,104,96,974,223,113
20/11/2018,00:00,494,344,309,7,105,234,1,599,3,67,636,180,123,323,13,4,408,788,78,50,745,59,51
21/11/2018,00:00,539,331,295,4,75,199,0,559,0,50,614,174,132,243,6,8,317,723,80,67,713,56,27
22/11/2018,00:00,500,293,260,4,76,211,0,593,5,48,628,154,111,286,5,3,345,692,68,75,718,33,65
23/11/2018,00:00,500,324,283,9,87,222,0,557,1,54,615,183,119,249,5,8,371,704,72,70,780,62,70
24/11/2018,00:00,234,214,161,11,45,115,7,438,5,30,345,122,36,142,19,2,332,505,29,23,513,88,27
25/11/2018,00:00,119,154,120,10,16,67,0,291,1,16,209,55,25,78,11,4,189,298,25,16,295,53,19
26/11/2018,00:00,567,404,141,23,117,405,0,752,1,81,792,242,164,492,15,9,478,891,113,77,2275,290,113
27/11/2018,00:00,504,337,277,14,63,252,0,622,4,54,551,133,113,325,17,5,343,690,76,72,2989,139,54
28/11/2018,00:00,537,349,314,5,80,302,0,714,2,64,696,214,138,400,11,9,420,815,93,103,3954,164,111
29/11/2018,00:00,717,486,389,7,111,441,1,951,1,92,951,285,180,566,42,172,533,1021,112,96,5746,312,142
30/11/2018,00:00,677,462,366,6,111,398,1,913,5,100,1014,301,182,573,38,259,550,1064,123,107,1179,375,143
01/12/2018,00:00,294,266,237,4,42,158,7,527,8,55,473,179,68,188,33,113,412,619,43,39,726,212,51
02/12/2018,00:00,140,117,115,2,15,74,6,317,3,7,202,60,32,90,11,5,166,324,23,18,294,78,33
03/12/2018,00:00,521,345,302,27,87,316,5,682,5,58,677,239,145,432,19,4,381,779,91,72,799,228,113
04/12/2018,00:00,668,429,344,19,114,364,3,805,3,81,848,294,141,510,16,44,476,893,102,90,998,303,141
05/12/2018,00:00,639,408,325,25,107,355,10,745,2,71,837,285,157,474,36,123,426,873,119,105,1014,241,116
06/12/2018,00:00,625,419,318,23,100,366,2,759,3,70,752,238,147,411,23,14,428,836,86,96,920,258,124
07/12/2018,00:00,514,340,275,10,89,281,2,758,2,55,629,200,138,346,22,4,377,711,71,86,877,285,114
08/12/2018,00:00,182,165,121,12,29,116,0,443,1,15,253,86,17,104,12,7,245,372,17,21,423,120,29
09/12/2018,00:00,167,130,142,12,13,101,4,372,7,12,214,62,41,101,15,3,233,340,18,19,406,96,33
10/12/2018,00:00,534,365,337,10,116,320,5,692,2,56,697,216,156,403,21,8,388,782,114,66,894,250,114
11/12/2018,00:00,602,361,350,16,100,289,3,709,4,51,661,192,157,396,20,10,411,799,95,88,915,209,96
12/12/2018,00:00,581,347,317,27,97,261,6,642,0,54,681,179,147,381,18,7,391,700,90,103,820,127,97
13/12/2018,00:00,498,336,284,8,92,250,0,640,0,41,623,170,129,316,14,8,349,667,72,69,807,126,105
14/12/2018,00:00,462,265,224,12,61,247,0,631,0,41,607,170,113,322,14,3,377,638,76,57,796,200,77
15/12/2018,00:00,296,226,168,4,34,143,17,491,4,25,345,124,65,140,34,7,326,537,44,33,579,154,47
16/12/2018,00:00,257,234,137,8,33,138,19,489,9,31,356,103,46,159,32,48,287,506,30,20,523,139,43
17/12/2018,00:00,542,357,300,11,100,300,4,720,3,63,672,197,156,395,20,70,384,788,118,76,902,212,102
18/12/2018,00:00,474,339,268,6,89,260,7,619,5,50,623,179,148,348,23,106,344,721,86,78,822,137,96
19/12/2018,00:00,481,339,142,7,99,282,10,736,9,57,653,17,145,413,21,89,378,757,101,78,816,211,116
20/12/2018,00:00,543,465,312,9,130,306,20,718,1,74,714,224,169,395,35,134,424,822,100,88,965,242,94
21/12/2018,00:00,259,174,157,6,26,129,3,430,0,35,373,124,66,165,16,0,272,438,49,31,553,156,58
22/12/2018,00:00,152,129,83,4,10,40,5,301,2,21,190,76,28,56,9,0,202,291,21,12,346,83,23
23/12/2018,00:00,135,97,68,2,25,52,12,264,2,15,149,52,19,51,14,0,130,242,21,12,273,77,14
24/12/2018,00:00,100,74,71,1,29,37,11,206,0,13,159,66,36,61,14,0,104,207,21,13,227,55,34
25/12/2018,00:00,37,26,39,1,10,28,5,68,2,11,56,29,29,22,13,0,48,107,5,7,80,23,11
26/12/2018,00:00,81,77,55,0,22,37,7,210,4,13,143,56,34,41,22,2,116,159,17,13,213,69,31
27/12/2018,00:00,177,140,112,1,26,105,8,259,2,10,240,84,50,84,5,0,171,309,34,29,305,104,51
28/12/2018,00:00,103,80,55,1,12,9,1,213,0,4,169,56,26,47,13,0,162,231,19,16,197,45,31
29/12/2018,00:00,103,71,42,1,14,35,0,209,4,1,152,29,17,52,267,1,138,257,11,10,237,69,15
30/12/2018,00:00,112,78,49,1,13,24,2,198,0,27,136,47,30,41,8,0,119,232,27,18,260,63,22
31/12/2018,00:00,95,66,74,3,18,34,9,241,0,8,181,70,26,76,17,1,151,249,32,15,240,71,28
